"LOAN_AMOUNT","LOAN_PURPOSE","FIRST_NAME","LAST_NAME","HOME_ADDRESS","CITY","STATE","ZIP_CODE","DATE_OF_BIRTH","INDIVIDUAL_ANNUAL_INCOME","ADDITIONAL_ANNUAL_INCOME","EMAIL_ADDRESS","PASSWORD"
"2000","Pay off Credit Cards","Carlton","Ernesto","3535 SEVERN AVE STE 11","METAIRIE","LA","70002","04/26/1997","142082","13720","candidate+20211118142211608@upgrade-challenge.com",",(bmd2IYj1"
"2000","Pay off Credit Cards","Joey","Tribbiani","2110 GOLDEN GATE AVE","SAN FRANCISCO","CA","94118","12/23/1942","194891","9959","candidate+20211118142211637@upgrade-challenge.com",")v04,LcfgW"
"2000","Pay off Credit Cards","Kangeyan","Passoubady","5847 SOUTHBRIDGE WAY","DUBLIN","CA","94568","01/23/1979","156350","7388","candidate+20211118142211644@upgrade-challenge.com","RhshQ)7&2q"
"2000","Pay off Credit Cards","Chandler","Bing","11621 W WINDSOR AVE","AVONDALE","AZ","85392","12/24/1948","178416","6610","candidate+20211118142211651@upgrade-challenge.com","eL8H7&kxj&"
"2000","Pay off Credit Cards","Daniels","Black","441 DEMOCRAZY PLACE","APEX","NC","27523","12/10/1931","162091","5689","candidate+20211118142211657@upgrade-challenge.com","e+G8lxn+C8"
"2000","Pay off Credit Cards","Kangeyan","Passoubady","5847 SOUTHBRIDGE WAY","DUBLIN","CA","94568","09/28/1966","187858","17313","candidate+20211118142211663@upgrade-challenge.com","w8x'XCl8v+"
"2000","Pay off Credit Cards","Racheal","Greene","1825 N 17TH AVE","PHOENIX","AZ","85007","12/08/1942","149748","9991","candidate+20211118142211669@upgrade-challenge.com","rhaGw28""P+"
"2000","Pay off Credit Cards","Chandler","Bing","425 1ST ST","SAN FRANCISCO","CA","94105","02/15/1971","133391","13931","candidate+20211118142211675@upgrade-challenge.com","8*Oebh8!oD"
"2000","Pay off Credit Cards","Cruz","Ortiz","101 ROBERT E LEE BLVD","NEW ORLEANS","LA","70124","07/11/1968","131527","15402","candidate+20211118142211680@upgrade-challenge.com","2OuNt'h0a"""
"2000","Pay off Credit Cards","Dixon","Shaw","39 RUFFED GROUSE","CHAPEL HILL","NC","27517","05/19/1942","131361","6713","candidate+20211118142211686@upgrade-challenge.com","#x*qDCrf56"
"2000","Pay off Credit Cards","John","Depp","32648 N 40TH PL","CAVE CREEK","AZ","85331","09/01/1979","171334","9612","candidate+20211118142211691@upgrade-challenge.com",")vHdm1e+P6"
"2000","Pay off Credit Cards","Racheal","Greene","241 ASHBURY ST","SAN FRANCISCO","CA","94117","05/18/1965","162554","6008","candidate+20211118142211696@upgrade-challenge.com",",0Rb4nNji"""
"2000","Pay off Credit Cards","David","Miller","717 CLEARVIEW PKWY","METAIRIE","LA","70001","08/15/1997","158553","9121","candidate+20211118142211702@upgrade-challenge.com","!VbC8lp8w#"
"2000","Pay off Credit Cards","Kelly","Hop","9078 N MALPAIS RD","WINKELMAN","AZ","85192","04/06/1954","152388","13103","candidate+20211118142211707@upgrade-challenge.com","vqkG*0i2S'"
"2000","Pay off Credit Cards","Kelly","Hop"," POPLAR ST","MARKS","MS","38646","07/24/1985","167254","13906","candidate+20211118142211711@upgrade-challenge.com",")dyTa4#tQ5"
"2000","Pay off Credit Cards","Racheal","Greene","401 OXFORD","OXFORD","MS","38655","09/13/1962","136949","10052","candidate+20211118142211717@upgrade-challenge.com","0qd6WsjB(!"
"2000","Pay off Credit Cards","Ross","Geller","13238 W EDGEMONT AVE","GOODYEAR","AZ","85395","10/29/1990","161035","14456","candidate+20211118142211721@upgrade-challenge.com","uBx!pA)p34"
"2000","Pay off Credit Cards","Joey","Tribbiani","2110 GOLDEN GATE AVE","SAN FRANCISCO","CA","94118","10/23/1989","129421","14451","candidate+20211118142211726@upgrade-challenge.com","cLL#wm2,u8"
"2000","Pay off Credit Cards","Kim","Le","00 N TOLTEC RD UNIT","ELOY","AZ","85131","12/23/1975","190150","5543","candidate+20211118142211729@upgrade-challenge.com","&4""lr6oJkB"
"2000","Pay off Credit Cards","Racheal","Greene","401 OXFORD","OXFORD","MS","38655","10/23/1980","132806","15453","candidate+20211118142211733@upgrade-challenge.com","yxX#No!d11"
"2000","Pay off Credit Cards","Joey","Tribbiani","12 W COMMERCE ST","HERNANDO","MS","38632","09/19/1989","166936","10937","candidate+20211118142211737@upgrade-challenge.com","EPt+'wvh21"
"2000","Pay off Credit Cards","Carlton","Ernesto","3535 SEVERN AVE STE 11","METAIRIE","LA","70002","08/08/1950","145644","17649","candidate+20211118142211740@upgrade-challenge.com","m)pu0l""7CM"
"2000","Pay off Credit Cards","Racheal","Greene","1825 N 17TH AVE","PHOENIX","AZ","85007","11/11/1931","166847","14395","candidate+20211118142211743@upgrade-challenge.com","%Dk3Vq%4wf"
"2000","Pay off Credit Cards","Jenny","Kaire","103 E MAIN ST","FULTON","MS","38843","11/28/1979","144055","7060","candidate+20211118142211748@upgrade-challenge.com","7r)!lpLjF5"
"2000","Pay off Credit Cards","Kelly","Hop","9078 N MALPAIS RD","WINKELMAN","AZ","85192","10/12/1957","129094","18829","candidate+20211118142211751@upgrade-challenge.com","m)Qt""Lpw82"
"2000","Pay off Credit Cards","Amanda","Boots","1819 LYON ST","SAN FRANCISCO","CA","94115","01/13/1997","177696","13853","candidate+20211118142211756@upgrade-challenge.com","%fxlrJ67%Y"
"2000","Pay off Credit Cards","Kim","Le","00 N TOLTEC RD UNIT","ELOY","AZ","85131","10/05/1972","157806","6253","candidate+20211118142211760@upgrade-challenge.com","72emfFO%w,"
"2000","Pay off Credit Cards","Jordan","Cole","1514 JEFFERSON HWY","NEW ORLEANS","LA","70121","12/06/1973","197431","14818","candidate+20211118142211763@upgrade-challenge.com","blYb2X$0l#"
"2000","Pay off Credit Cards","Jenny","Kaire","2500 GATEWAY ST","GRENADA","MS","38901","08/12/1997","138471","5496","candidate+20211118142211768@upgrade-challenge.com","%$mKt0Sy8i"
"2000","Pay off Credit Cards","Carlton","Ernesto","3535 SEVERN AVE STE 11","METAIRIE","LA","70002","05/12/1932","173313","15505","candidate+20211118142211772@upgrade-challenge.com","ySmr+s)35T"
"2000","Pay off Credit Cards","Joey","Tribbiani","12 W COMMERCE ST","HERNANDO","MS","38632","11/02/1973","136805","12394","candidate+20211118142211775@upgrade-challenge.com","ccAw0uH*7"""
"2000","Pay off Credit Cards","Ross","Geller","13238 W EDGEMONT AVE","GOODYEAR","AZ","85395","10/13/1992","164275","10071","candidate+20211118142211779@upgrade-challenge.com",",vfc81x,XM"
"2000","Pay off Credit Cards","Monica","Geller","92 ROBINSON DR","SAN FRANCISCO","CA","94112","10/02/1961","163530","12181","candidate+20211118142211786@upgrade-challenge.com","Lt0hrb""V3#"
"2000","Pay off Credit Cards","Dixon","Shaw","771 HUNTER DR","PENNSBURG","PA","18073","03/29/1964","151752","19186","candidate+20211118142211789@upgrade-challenge.com","Di'lBmn+40"
"2000","Pay off Credit Cards","David","Miller","717 CLEARVIEW PKWY","METAIRIE","LA","70001","06/28/1941","138455","16551","candidate+20211118142211793@upgrade-challenge.com","rcrw$80&FS"
"2000","Pay off Credit Cards","George","Henry","2105 CLEARY AVE","METAIRIE","LA","70001","02/07/1938","187726","9998","candidate+20211118142211797@upgrade-challenge.com","F""1yjG$6ad"
"2000","Pay off Credit Cards","Amanda","Boots","8850 MIDSOUTH DR","OLIVE BRANCH","MS","38654","03/22/1940","155678","18231","candidate+20211118142211801@upgrade-challenge.com","2di!+oeJ3P"
"2000","Pay off Credit Cards","Kangeyan","Passoubady","5847 SOUTHBRIDGE WAY","DUBLIN","CA","94568","09/27/1952","134731","16386","candidate+20211118142211805@upgrade-challenge.com","(!gQScp27u"
"2000","Pay off Credit Cards","Kim","Le","362 THOMAS S","TUPELO","MS","38801","10/20/1975","138509","9061","candidate+20211118142211808@upgrade-challenge.com","t8N!2(Kxab"
"2000","Pay off Credit Cards","Rod","Tucker","1401 VETERANS MEMORIAL BLVD","METAIRIE","LA","70005","08/24/1966","131731","15676","candidate+20211118142211811@upgrade-challenge.com","!IBp,wu8j8"
"2000","Pay off Credit Cards","Joey","Tribbiani","12 W COMMERCE ST","HERNANDO","MS","38632","10/04/1955","182143","10798","candidate+20211118142211815@upgrade-challenge.com","mYi5%6&hmH"
"2000","Pay off Credit Cards","Kelly","Hop"," POPLAR ST","MARKS","MS","38646","09/25/1988","152146","13472","candidate+20211118142211820@upgrade-challenge.com","vu5*e)2IsD"
"2000","Pay off Credit Cards","Kangeyan","Passoubady","5847 SOUTHBRIDGE WAY","DUBLIN","CA","94568","07/07/1958","173686","16048","candidate+20211118142211823@upgrade-challenge.com","xoyRgM0+""4"
"2000","Pay off Credit Cards","Daniels","Black","5720 CITRUS BLVD","NEW ORLEANS","LA","70123","12/18/1967","153693","9531","candidate+20211118142211828@upgrade-challenge.com","2wsI4Pj!w$"
"2000","Pay off Credit Cards","Kim","Le","362 THOMAS S","TUPELO","MS","38801","02/21/1933","124047","5750","candidate+20211118142211832@upgrade-challenge.com","bT2xHbm%""4"
"2000","Pay off Credit Cards","Dixon","Shaw","771 HUNTER DR","PENNSBURG","PA","18073","06/24/1977","168388","7946","candidate+20211118142211837@upgrade-challenge.com","3nAP7m,ur+"
"2000","Pay off Credit Cards","Dixon","Shaw","771 HUNTER DR","PENNSBURG","PA","18073","05/19/1938","130963","17216","candidate+20211118142211842@upgrade-challenge.com","*7k,SUb3ba"
"2000","Pay off Credit Cards","Racheal","Greene","241 ASHBURY ST","SAN FRANCISCO","CA","94117","04/06/1949","149782","5139","candidate+20211118142211846@upgrade-challenge.com","%huP#81ujQ"
"2000","Pay off Credit Cards","Racheal","Greene","241 ASHBURY ST","SAN FRANCISCO","CA","94117","02/19/1968","140564","16807","candidate+20211118142211850@upgrade-challenge.com","%b+4qOyFb8"
"2000","Pay off Credit Cards","Raja","Jasmine","870 CAMDEN AVE","CAMPBELL","CA","95008","10/15/1936","140201","7618","candidate+20211118142211854@upgrade-challenge.com","&(75pxXsPf"
"2000","Pay off Credit Cards","Chandler","Bing","11621 W WINDSOR AVE","AVONDALE","AZ","85392","03/06/1957","142376","5960","candidate+20211118142211858@upgrade-challenge.com","Tbbg6,0y'G"
"2000","Pay off Credit Cards","Jenny","Kaire","103 E MAIN ST","FULTON","MS","38843","02/09/1976","179879","19273","candidate+20211118142211862@upgrade-challenge.com","(2LVxe,v6e"
"2000","Pay off Credit Cards","Ross","Geller","100 W MAIN ST","SENATOBIA","MS","38668","01/20/1933","165888","15187","candidate+20211118142211866@upgrade-challenge.com","$7YMy6lvi,"
"2000","Pay off Credit Cards","Kelly","Hop"," POPLAR ST","MARKS","MS","38646","08/18/1972","189847","5774","candidate+20211118142211869@upgrade-challenge.com","3oj""Ls(Gw4"
"2000","Pay off Credit Cards","Kelly","Hop"," POPLAR ST","MARKS","MS","38646","01/08/1971","168454","18874","candidate+20211118142211874@upgrade-challenge.com","g4j1Q%gx'C"
"2000","Pay off Credit Cards","Carlton","Ernesto","3535 SEVERN AVE STE 11","METAIRIE","LA","70002","07/22/1977","146343","10549","candidate+20211118142211877@upgrade-challenge.com","ng!*s7H8Ta"
"2000","Pay off Credit Cards","Daniels","Black","441 DEMOCRAZY PLACE","APEX","NC","27523","06/25/1995","153892","9707","candidate+20211118142211880@upgrade-challenge.com","mt1fYM3'i#"
"2000","Pay off Credit Cards","Racheal","Greene","1825 N 17TH AVE","PHOENIX","AZ","85007","09/12/1979","159353","19491","candidate+20211118142211883@upgrade-challenge.com","ICt2s)vu%7"
"2000","Pay off Credit Cards","Rose","Dunn","3900 DUBLIN ST","NEW ORLEANS","LA","70118","04/07/1968","186015","5226","candidate+20211118142211887@upgrade-challenge.com",")I2j)sRh3m"
"2000","Pay off Credit Cards","Ross","Geller","13450 N SUNRIDGE DR","FOUNTAIN HILLS","AZ","85268","07/31/1964","147772","10733","candidate+20211118142211890@upgrade-challenge.com","voKc06Uw*,"
"2000","Pay off Credit Cards","Monica","Geller","1214 N 1160 W","OREM","UT","84057","10/12/1990","130077","15585","candidate+20211118142211896@upgrade-challenge.com","((th4Q7Lmw"
"2000","Pay off Credit Cards","Racheal","Greene","241 ASHBURY ST","SAN FRANCISCO","CA","94117","07/19/1962","174301","11142","candidate+20211118142211900@upgrade-challenge.com","4XlNv2)yd*"
"2000","Pay off Credit Cards","Caire","More","7550 AIRWAYS BLVD","SOUTHAVEN","MS","38671","04/29/1958","164795","10324","candidate+20211118142211906@upgrade-challenge.com","p4+1L%mctK"
"2000","Pay off Credit Cards","Joanna","Edemy","3250 TRACY","SANTA CLARA","CA","95051","08/26/1991","183858","18348","candidate+20211118142211911@upgrade-challenge.com","lXa1)$uJ0i"
"2000","Pay off Credit Cards","Racheal","Greene","241 ASHBURY ST","SAN FRANCISCO","CA","94117","11/21/1985","182742","10720","candidate+20211118142211916@upgrade-challenge.com","P,2Hyhxg&5"
"2000","Pay off Credit Cards","Ross","Geller","13450 N SUNRIDGE DR","FOUNTAIN HILLS","AZ","85268","08/18/1993","135867","17603","candidate+20211118142211921@upgrade-challenge.com","paka4F""(Y0"
"2000","Pay off Credit Cards","Dixon","Shaw","39 RUFFED GROUSE","CHAPEL HILL","NC","27517","11/21/1933","154365","9983","candidate+20211118142211925@upgrade-challenge.com","yQE'm8#b4k"
"2000","Pay off Credit Cards","Cruz","Ortiz","101 ROBERT E LEE BLVD","NEW ORLEANS","LA","70124","04/19/1965","168758","15297","candidate+20211118142211929@upgrade-challenge.com","3eNnk)S*0k"
"2000","Pay off Credit Cards","Chandler","Bing","11621 W WINDSOR AVE","AVONDALE","AZ","85392","09/13/1968","129363","12122","candidate+20211118142211931@upgrade-challenge.com","4a&Wh2(gxN"
"2000","Pay off Credit Cards","George","Henry","2105 CLEARY AVE","METAIRIE","LA","70001","09/07/1979","143783","6104","candidate+20211118142211934@upgrade-challenge.com","xlwy*6F4I&"
"2000","Pay off Credit Cards","Raja","Jasmine","870 CAMDEN AVE","CAMPBELL","CA","95008","11/02/1956","188550","17073","candidate+20211118142211938@upgrade-challenge.com","""sSn3q1kL+"
"2000","Pay off Credit Cards","David","Miller","717 CLEARVIEW PKWY","METAIRIE","LA","70001","03/02/1959","120137","14980","candidate+20211118142211942@upgrade-challenge.com","PqHl+a0,5g"
"2000","Pay off Credit Cards","Caire","More","7321 CARNEROS LN","DUBLIN","CA","94568","07/23/1959","148193","18138","candidate+20211118142211945@upgrade-challenge.com","1jrwW4&x'K"
"2000","Pay off Credit Cards","Amanda","Boots","8850 MIDSOUTH DR","OLIVE BRANCH","MS","38654","02/10/1973","156864","10011","candidate+20211118142211948@upgrade-challenge.com","sy)'K2lw0K"
"2000","Pay off Credit Cards","Jenny","Kaire","223 SANCHEZ ST","SAN FRANCISCO","CA","94114","04/19/1951","146169","16798","candidate+20211118142211952@upgrade-challenge.com","Fkh84%Fi(i"
"2000","Pay off Credit Cards","John","Depp","32648 N 40TH PL","CAVE CREEK","AZ","85331","04/20/1952","185788","12458","candidate+20211118142211955@upgrade-challenge.com","x86gbB!!fT"
"2000","Pay off Credit Cards","Caire","More","7000 E HIGHWAY 287 -- UNIT","COOLIDGE","AZ","85128","08/16/1958","168386","10210","candidate+20211118142211958@upgrade-challenge.com","&kIe!Crv33"
"2000","Pay off Credit Cards","Chandler","Bing","500 N MADISON ST","CORINTH","MS","38834","03/18/1995","183279","7801","candidate+20211118142211961@upgrade-challenge.com","yPrr4""d2'J"
"2000","Pay off Credit Cards","Caire","More","7321 CARNEROS LN","DUBLIN","CA","94568","08/14/1949","138336","11621","candidate+20211118142211964@upgrade-challenge.com","h28#viCH&r"
"2000","Pay off Credit Cards","Amanda","Boots","8850 MIDSOUTH DR","OLIVE BRANCH","MS","38654","09/01/1957","137986","13349","candidate+20211118142211967@upgrade-challenge.com","h0,0DOhvd$"
"2000","Pay off Credit Cards","Carlton","Ernesto","3535 SEVERN AVE STE 11","METAIRIE","LA","70002","04/09/1991","129085","9040","candidate+20211118142211970@upgrade-challenge.com","'bTqD52q+v"
"2000","Pay off Credit Cards","Dixon","Shaw","771 HUNTER DR","PENNSBURG","PA","18073","02/05/1969","125705","16254","candidate+20211118142211973@upgrade-challenge.com","l8DA8ftk'&"
"2000","Pay off Credit Cards","Jordan","Cole","1514 JEFFERSON HWY","NEW ORLEANS","LA","70121","12/14/1968","179877","12057","candidate+20211118142211976@upgrade-challenge.com","k""6#V0vmsM"
"2000","Pay off Credit Cards","Chandler","Bing","11621 W WINDSOR AVE","AVONDALE","AZ","85392","04/03/1990","183213","15264","candidate+20211118142211978@upgrade-challenge.com","Oie(i7""W1i"
"2000","Pay off Credit Cards","Pierce","Berry","3851 BARTON CREEK DR","EAGLE MOUNTAIN","UT","84005","08/26/1990","177408","17187","candidate+20211118142211981@upgrade-challenge.com","l3Xh#*ji7I"
"2000","Pay off Credit Cards","Racheal","Greene","241 ASHBURY ST","SAN FRANCISCO","CA","94117","10/28/1965","126982","15494","candidate+20211118142211984@upgrade-challenge.com","6xQ4g$%cpX"
"2000","Pay off Credit Cards","Chandler","Bing","11621 W WINDSOR AVE","AVONDALE","AZ","85392","12/15/1991","162095","10675","candidate+20211118142211987@upgrade-challenge.com","v1nrE5%bU$"
"2000","Pay off Credit Cards","Simpson","Webb","6319 MARSHALL FOCH ST","NEW ORLEANS","LA","70124","12/10/1948","155795","11342","candidate+20211118142211989@upgrade-challenge.com","Mnxp1N!f(3"
"2000","Pay off Credit Cards","Rod","Tucker","1401 VETERANS MEMORIAL BLVD","METAIRIE","LA","70005","02/03/1964","188264","5124","candidate+20211118142211992@upgrade-challenge.com","kWre$7+D5d"
"2000","Pay off Credit Cards","Kim","Le","188 HYANNIS CT","VACAVILLE","CA","95687","12/13/1981","170814","14187","candidate+20211118142211995@upgrade-challenge.com","e%Cux7U'1i"
"2000","Pay off Credit Cards","Dixon","Shaw","771 HUNTER DR","PENNSBURG","PA","18073","01/17/1941","125134","17943","candidate+20211118142211998@upgrade-challenge.com","08*RdVvqg%"
"2000","Pay off Credit Cards","Chandler","Bing","425 1ST ST","SAN FRANCISCO","CA","94105","09/03/1939","123610","9297","candidate+20211118142212000@upgrade-challenge.com","Dc+apI*2a6"
"2000","Pay off Credit Cards","Cruz","Ortiz","101 ROBERT E LEE BLVD","NEW ORLEANS","LA","70124","04/10/1958","133196","5715","candidate+20211118142212003@upgrade-challenge.com","g48x+N'tFb"
"2000","Pay off Credit Cards","Caire","More","7550 AIRWAYS BLVD","SOUTHAVEN","MS","38671","09/13/1962","143340","14302","candidate+20211118142212006@upgrade-challenge.com","jQ+8Pi,ne8"
"2000","Pay off Credit Cards","Dixon","Shaw","39 RUFFED GROUSE","CHAPEL HILL","NC","27517","08/03/1983","178294","6562","candidate+20211118142212010@upgrade-challenge.com","&0'In2Ddpm"
"2000","Pay off Credit Cards","Pierce","Berry","2105 CLEARY AVE","METAIRIE","LA","70001","03/21/1945","129308","10918","candidate+20211118142212012@upgrade-challenge.com","nr1+!1MLrl"
"2000","Pay off Credit Cards","Joey","Tribbiani","2110 GOLDEN GATE AVE","SAN FRANCISCO","CA","94118","06/11/1994","186469","6294","candidate+20211118142212015@upgrade-challenge.com","""nndA(41iA"
"2000","Pay off Credit Cards","Racheal","Greene","241 ASHBURY ST","SAN FRANCISCO","CA","94117","11/02/1950","145825","16740","candidate+20211118142212018@upgrade-challenge.com","w&u+50NKfq"
"2000","Pay off Credit Cards","Rose","Dunn","26 TRITON","WAYNESVILLE","NC","28785","12/09/1992","188059","13582","candidate+20211118142212021@upgrade-challenge.com","Y)#sac02eV"
"2000","Pay off Credit Cards","Kim","Le","188 HYANNIS CT","VACAVILLE","CA","95687","02/01/1961","165366","8229","candidate+20211118142212024@upgrade-challenge.com","(L+47wsssM"
